商品URL,総ページ数,最終ページアイテム数,推定総アイテム数
https://jp.mercari.com/item/m81160480167,1,36,36
https://jp.mercari.com/item/m22742775130,1,36,36
https://jp.mercari.com/item/m74114058946,1,36,36
https://jp.mercari.com/item/m33332967952,1,36,36
https://jp.mercari.com/item/m41448089736,1,36,36
https://jp.mercari.com/item/m65093333041,1,36,36
https://jp.mercari.com/item/m93659116943,1,36,36
https://jp.mercari.com/item/m60511160758,1,36,36
https://jp.mercari.com/item/m92690412226,1,36,36
https://jp.mercari.com/item/m58124075135,1,36,36
https://jp.mercari.com/item/m67772844420,1,36,36
https://jp.mercari.com/shops/product/3c6YANmygWNBCQQZkZdzGX,1,36,36
https://jp.mercari.com/item/m78837939254,1,36,36
https://jp.mercari.com/item/m60523878002,1,36,36
https://jp.mercari.com/shops/product/P8Dk6Vh4zWkQRPFqyvZKVn,1,36,36
https://jp.mercari.com/shops/product/ECZ4y7xFKm2kDDJx2Q7hGa,1,36,36
https://jp.mercari.com/shops/product/8c6rsPDCzga5r6cYTWoNA,1,36,36
https://jp.mercari.com/shops/product/3mKEDPfvyjT4wozEdt5Xpb,1,36,36
https://jp.mercari.com/item/m81160480167,1,36,36
https://jp.mercari.com/item/m22742775130,1,36,36
https://jp.mercari.com/item/m74114058946,1,36,36
https://jp.mercari.com/item/m33332967952,1,36,36
https://jp.mercari.com/item/m41448089736,1,36,36
https://jp.mercari.com/item/m65093333041,1,36,36
https://jp.mercari.com/item/m93659116943,1,36,36
https://jp.mercari.com/item/m60511160758,1,36,36
https://jp.mercari.com/item/m92690412226,1,36,36
https://jp.mercari.com/item/m58124075135,1,36,36
https://jp.mercari.com/item/m67772844420,1,36,36
https://jp.mercari.com/shops/product/3c6YANmygWNBCQQZkZdzGX,1,36,36
https://jp.mercari.com/item/m78837939254,1,36,36
https://jp.mercari.com/item/m60523878002,1,36,36
https://jp.mercari.com/shops/product/P8Dk6Vh4zWkQRPFqyvZKVn,1,36,36
https://jp.mercari.com/shops/product/ECZ4y7xFKm2kDDJx2Q7hGa,1,36,36
https://jp.mercari.com/shops/product/8c6rsPDCzga5r6cYTWoNA,1,36,36
https://jp.mercari.com/shops/product/3mKEDPfvyjT4wozEdt5Xpb,1,36,36
